{"stats":{"minecraft:used":{"minecraft:glass":61,"minecraft:redstone_torch":651,"minecraft:oak_trapdoor":20,"minecraft:sticky_piston":609,"minecraft:honey_block":2,"minecraft:lever":470,"minecraft:green_concrete":189,"minecraft:writable_book":7,"minecraft:crying_obsidian":1,"minecraft:dropper":35,"minecraft:birch_slab":61,"minecraft:orange_concrete":64,"minecraft:command_block":1,"minecraft:light_gray_concrete":83,"minecraft:slime_block":20,"minecraft:red_concrete":79,"minecraft:powered_rail":2,"minecraft:redstone":3342,"minecraft:oak_button":29,"minecraft:stone_button":33,"minecraft:oak_sign":109,"minecraft:light_blue_terracotta":155,"minecraft:lectern":56,"minecraft:sandstone":317,"minecraft:spruce_trapdoor":9,"minecraft:redstone_block":96,"minecraft:white_dye":3,"minecraft:glow_ink_sac":12,"minecraft:structure_block":22,"minecraft:item_frame":5,"minecraft:pink_concrete":236,"minecraft:white_wool":3,"minecraft:debug_stick":51,"minecraft:birch_button":20,"minecraft:repeater":621,"minecraft:purple_concrete":447,"minecraft:glowstone":2,"minecraft:redstone_lamp":268,"minecraft:target":207,"minecraft:lime_concrete":38,"minecraft:comparator":429,"minecraft:written_book":2,"minecraft:oak_slab":5,"minecraft:light_blue_concrete":192,"minecraft:scaffolding":37,"minecraft:hopper":5,"minecraft:yellow_concrete":499,"minecraft:pink_terracotta":190,"minecraft:note_block":7,"minecraft:gray_concrete":75,"minecraft:white_concrete":2029,"minecraft:oak_hanging_sign":7,"minecraft:observer":110,"minecraft:waxed_copper_bulb":63,"minecraft:obsidian":11,"minecraft:oak_fence":11},"minecraft:picked_up":{"minecraft:scaffolding":12,"minecraft:sandstone":11,"minecraft:redstone_block":1,"minecraft:repeater":3,"minecraft:redstone_lamp":1,"minecraft:stone_button":1,"minecraft:redstone":28,"minecraft:sticky_piston":2,"minecraft:lever":15,"minecraft:comparator":3,"minecraft:redstone_torch":33,"minecraft:written_book":54,"minecraft:oak_button":2},"minecraft:dropped":{"minecraft:oak_button":1,"minecraft:sandstone":5,"minecraft:written_book":15,"minecraft:redstone_block":1},"minecraft:custom":{"minecraft:time_since_rest":1116215,"minecraft:walk_one_cm":2090842,"minecraft:sprint_one_cm":238540,"minecraft:inspect_dropper":85,"minecraft:drop":8,"minecraft:inspect_hopper":12,"minecraft:damage_dealt":59,"minecraft:fly_one_cm":5307685,"minecraft:crouch_one_cm":32466,"minecraft:play_time":1116215,"minecraft:sneak_time":48232,"minecraft:interact_with_lectern":413,"minecraft:jump":2940,"minecraft:leave_game":15,"minecraft:time_since_death":1116215,"minecraft:total_world_time":1293768}},"DataVersion":3953}